name,revenue_2019,growth_%,founded,yrs_on_list,Symbol,marketcap_2026,price (USD),industry
Urgently,30.3 Million,11632.8771,2013,1,ULY,11787284,5.38,Logistics & Transportation
Sonendo,24.4 Million,8656.9532,2006,1,SONX,3811982,0.8,Health
Progyny,107.6 Million,4838.0226,2008,2,PGNY,1902057472,24.79,Health
10X Genomics,146.3 Million,4308.7444,2012,1,TXG,11731417088,90.04,Health,
Grove Collaborative,104.1 Million,3665.0612,2012,2,GROV,44836100,1.05,Consumer Products & Services,
OppLoans,134.2 Million,1434.9543,2012,4,OPFI,518066144,6.08,Financial Services
Pattern,211.2 Million,1133.4248,2013,1,PTRN,3362825984,16.89,Advertising & Marketing
Real Broker,8.9 Million,1030.5074,2014,1,REAX,357864288,16.42,Real Estate
Alkami Technology,52.3 Million,957.6592,2009,3,ALKT,1429814272,13.37,Software
ServiceTitan,59.4 Million,903.1891,2012,1,TTAN,6127641088,63.52,Software
Chewy,3.5 Billion,735.5436,2011,1,CHWY,7339191808,18.26,Retail
Mohawk Group Holdings,73.3 Million,707.0403,2014,1,ATER,11322747,0.6302,Consumer Products & Services
Ibotta,157.1 Million,623.298,2012,2,IBTA,912086080,39.27,Consumer Products & Services
Zoom Video Communications,151.5 Million,619.2346,2011,1,ZM,25780551680,88.355,Software
Weave Communications,23.7 Million,572.1911,2008,1,WEAV,592115328,7.36,Software
Uber Technologies,11.3 Billion,464.9123,2009,1,UBER,141671972864,69.36,Consumer Products & Services
Better.com,20.7 Million,440.864,2015,1,BETR,194355472,10.23,Financial Services
Definitive Healthcare,58.9 Million,413.2693,2011,3,DH,99272584,0.93,Software
TaskUs,254.2 Million,373.5557,2008,7,TASK,754584192,8.23,Business Products & Services
Aevex Aerospace,93.9 Million,345.4739,2006,1,AVEX,1051111616,15.19,Government Services
Dream Finders Homes,524.4 Million,275.4455,2008,9,DFH,995886336,11.0,Construction
DiscoverOrg,148.7 Million,232.2976,2007,1,GTM,1056729536,3.63,Software
Baldwin Risk Partners,79.8 Million,225.6612,2011,6,BWIN,3077530112,31.78,Insurance
MediaAlpha,297.1 Million,181.6211,2010,5,MAX,496912192,9.38,Software
Health Catalyst,112.6 Million,174.7316,2008,7,HCAT,131698672,1.75,Health
ZoomInfo,72.8 Million,164.6156,2000,7,GTM,1056729536,3.63,Business Products & Services
Repay,130 Million,162.1778,2006,9,RPAY,328045952,3.72,Financial Services
CI&T,60.5 Million,130.875,1995,3,CINT,387805696,3.03,Business Products & Services
Janus International Group,484 Million,126.1486,2002,6,JBI,571665984,4.19,Manufacturing
Backblaze,29.9 Million,112.2614,2007,2,BLZE,828222016,13.38,Software
Bigcommerce,94.2 Million,89.0234,2009,6,CMRC,257691456,3.11,Software
SUNation Solar Systems,33.8 Million,52.5947,2001,4,SUNE,15045279,2.31,Energy
