name,revenue_2019,growth_%,founded,yrs_on_list,Symbol,marketcap_2026,price (USD),industry,log_revenue,log_marketcap,log_growth,expected_growth_%,growth_fulfillment,raw_success_score,success_tier
Urgently,30300000.0,11632.8771,2013,1,ULY,11787284.0,5.38,Logistics & Transportation,17.226658303482896,16.282531966096847,9.361676560550373,621.2549932443432,2.9283265948361246,-0.9441263373860487,Rising
Sonendo,24400000.0,8656.9532,2006,1,SONX,3811982.0,0.8,Health,17.010093731247036,15.153660084145027,9.066233622581912,668.2970526471178,2.5600056361199766,-1.8564336471020084,Rising
Progyny,107600000.0,4838.0226,2008,2,PGNY,1902057472.0,24.79,Health,18.49393121498564,21.366202017752933,8.484468037168856,437.5148358104758,2.4010743928377796,2.872270802767293,Star
OppLoans,134199999.99999999,1434.9543,2012,4,OPFI,518066144.0,6.08,Financial Services,18.71484178995342,20.065613485121887,7.269584924589224,459.4930894102905,1.137287075715931,1.350771695168465,Rising
Pattern,211200000.0,1133.4248,2013,1,PTRN,3362825984.0,16.89,Advertising & Marketing,19.16831611453123,21.936047524387188,7.033881017316049,404.2450425646939,1.0293890898048375,2.7677314098559584,Star
Real Broker,8900000.0,1030.5074,2014,1,REAX,357864288.0,16.42,Real Estate,16.001561947061912,19.69566439149002,6.938776506503993,573.2751163220348,0.5856679282821311,3.6941024444281076,Star
Alkami Technology,52300000.0,957.6592,2009,3,ALKT,1429814272.0,13.37,Software,17.77250694815561,21.08081039376224,6.8655356415472255,468.4230166804584,0.7140313250749681,3.3083034456066294,Star
ServiceTitan,59400000.0,903.1891,2012,1,TTAN,6127641088.0,63.52,Software,17.89980480116789,22.536075698642055,6.807038519932724,431.19396864030136,0.7381640309774369,4.636270897474166,Star
Chewy,3500000000.0,735.5436,2011,1,CHWY,7339191808.0,18.26,Retail,21.976028805727495,22.716494565744863,6.60196843306428,315.08506859332425,0.8459570512971188,0.7404657600173685,Rising
Mohawk Group Holdings,73300000.0,707.0403,2014,1,ATER,11322747.0,0.6302,Consumer Products & Services,18.110071180499446,16.242324357462543,6.562501012977742,582.7841598980389,0.19296968768012857,-1.867746823036903,Rising
Ibotta,157100000.0,623.298,2012,2,IBTA,912086080.0,39.27,Consumer Products & Services,18.872393109591222,20.63124493064583,6.436627818474548,441.3612257329469,0.34450101737660166,1.7588518210546091,Rising
Zoom Video Communications,151500000.0,619.2346,2011,1,ZM,25780551680.0,88.355,Software,18.836096189514357,23.9728862338018,6.430097793565568,373.98239474864755,0.5032187160341577,5.136790044287441,Star
Weave Communications,23700000.0,572.1911,2008,1,WEAV,592115328.0,7.36,Software,16.980985648299452,20.199211986374788,6.351219168966761,519.5078284118156,0.09641424084844097,3.218226338075336,Star
Uber Technologies,11300000000.0,464.9123,2009,1,UBER,141671972864.0,69.36,Consumer Products & Services,23.148068562753203,25.676780172018926,6.143997418989396,248.60388904498467,0.6241222015057932,2.5287116092657236,Star
Better.com,20700000.0,440.864,2015,1,BETR,194355472.0,10.23,Financial Services,16.845644306544774,19.085199375401125,6.091002142423015,555.0635920012616,-0.2298805193903366,2.239555068856351,Coasting
Definitive Healthcare,58900000.0,413.2693,2011,3,DH,99272584.0,0.93,Software,17.891351665599743,18.413380008319542,6.026516245444677,531.037315416505,-0.25019738319749685,0.5220283427197998,Underperformer
TaskUs,254200000.0,373.5557,2008,7,TASK,754584192.0,8.23,Business Products & Services,19.353631920653537,20.441677417753215,5.92574052354001,429.86229442277454,-0.14004801301257697,1.088045497099678,Rising
Aevex Aerospace,93900000.0,345.4739,2006,1,AVEX,1051111616.0,15.19,Government Services,18.35774095482812,20.773114123963502,5.847807491117588,455.39226058426743,-0.27554516919865435,2.415373169135382,Coasting
Dream Finders Homes,524400000.0,275.4455,2008,9,DFH,995886336.0,11.0,Construction,20.07776531176076,20.719143689558837,5.6220136948435355,401.5721317707141,-0.3758605953272358,0.6413783777980768,Underperformer
DiscoverOrg,148700000.0,232.2976,2007,1,GTM,1056729536.0,3.63,Software,18.817441418155333,20.77844463313568,5.4523148917905875,439.9025726866042,-0.6365090356358998,1.961003214980348,Coasting
Baldwin Risk Partners,79800000.0,225.6612,2011,6,BWIN,3077530112.0,31.78,Insurance,18.195034074951366,21.847393200865344,5.423456391564149,436.67869387616247,-0.6580286739888388,3.6523591259139785,Coasting
MediaAlpha,297100000.0,181.6211,2010,5,MAX,496912192.0,9.38,Software,19.509579343798706,20.02392389440794,5.2074135146066975,433.92018818592203,-0.8677490242136479,0.5143445506092341,Underperformer
Health Catalyst,112600000.0,174.7316,2008,7,HCAT,131698672.0,1.75,Health,18.53935228255086,18.696027090732603,5.168957831042105,498.8025190231907,-1.0452552274084521,0.1566748081817444,Underperformer
ZoomInfo,72800000.0,164.6156,2000,7,GTM,1056729536.0,3.63,Business Products & Services,18.10322652690318,20.77844463313568,5.109669440412896,464.00741058453303,-1.0323839017884033,2.675218106232503,Coasting
Repay,130000000.0,162.1778,2006,9,RPAY,328045952.0,3.72,Financial Services,18.683045016112164,19.608664257145,5.094840403865402,471.3093423192019,-1.062793753317858,0.9256192410328374,Underperformer
CI&T,60500000.0,130.875,1995,3,CINT,387805696.0,3.03,Business Products & Services,17.918153939529997,19.776014991227065,4.881854504230331,494.8280771975612,-1.3243747438551967,1.8578610516970677,Coasting
Janus International Group,484000000.0,126.1486,2002,6,JBI,571665984.0,4.19,Manufacturing,19.997595466747022,20.164065436475667,4.84535648119013,415.44225041837734,-1.1863913163456719,0.16646996972864514,Underperformer
Backblaze,29900000.0,112.2614,2007,2,BLZE,828222016.0,13.38,Software,17.21336907180573,20.534791812880805,4.729698421548695,502.01464347027695,-1.490920860394243,3.321422741075075,Coasting
Bigcommerce,94200000.0,89.0234,2009,6,CMRC,257691456.0,3.11,Software,18.360930750162304,19.36727352412237,4.500069636536122,488.69038049965656,-1.6937036783191255,1.0063427739600677,Underperformer
SUNation Solar Systems,33800000.0,52.5947,2001,4,SUNE,15045279.0,2.31,Energy,17.335971390039045,16.52657487870727,3.981450182590733,608.681857228723,-2.431487092997765,-0.8093965113317765,Underperformer
