name,revenue_2019,growth_%,founded,yrs_on_list,Symbol,marketcap_2026,price (USD)
Sonendo,24.4 Million,8656.9532,2006,1,SONX,3811982.0,0.8
Progyny,107.6 Million,4838.0226,2008,2,PGNY,1902057472.0,24.79
Grove Collaborative,104.1 Million,3665.0612,2012,2,GROV,44836100.0,1.05
Alkami Technology,52.3 Million, .6592,2009,3,ALKT,1429814272.0,13.37
ServiceTitan,59.4 Million,903.1891,2012,1,TTAN,6127641088.0,63.52
Chewy,3.5 Billion,735.5436,2011,1,CHWY,7339191808.0,18.26
Ibotta,157.1 Million,623.298,2012,2,IBTA,912086080.0,39.27
Weave Communications,23.7 Million,572.1911,2008,1,WEAV,592115328.0,7.36
Definitive Healthcare,58.9 Million,413.2693,2011,3,DH,99272584.0,0.93
TaskUs,254.2 Million,373.5557,2008,7,TASK,754584192.0,8.23
Dream Finders Homes,524.4 Million,275.4455,2008,9,DFH,995886336.0,11.0
MediaAlpha,297.1 Million,181.6211,2010,5,MAX,496912192.0,9.38
Health Catalyst,112.6 Million,174.7316,2008,7,HCAT,131698672.0,1.75
ZoomInfo,72.8 Million,164.6156,2000,7,GTM,1056729536.0,3.63
Janus International Group,484 Million,126.1486,2002,6,JBI,571665984.0,4.19
Backblaze,29.9 Million,112.2614,2007,2,BLZE,828222016.0,13.38
Abacus Group,28.5 Million,64.1191,2008,2,ABG.AX,538986098.0,0.603124
